"","Isolate","genome_id","resistant_phenotype","AMR.genotypes.core","Location"
"1","PDT001128390.2","GCA_019927265.1","Resistant","aac(6')-Ib=COMPLETE,aadA1=PARTIAL_END_OF_CONTIG,aadA2=COMPLETE,blaKPC-2=COMPLETE,blaOXA=MISTRANSLATION,blaSHV-12=COMPLETE,blaTEM=PARTIAL_END_OF_CONTIG,catA1=COMPLETE,cmlA1=COMPLETE,dfrA12=COMPLETE,estX-3=COMPLETE,fosA=COMPLETE,gyrA_S83I=POINT,mgrB_N25TfsTer1=POINT,mph(A)=COMPLETE,mrx(A)=COMPLETE,ompK35_E42RfsTer47=POINT,oqxA=COMPLETE,oqxB=COMPLETE,parC_S80I=POINT,sul1=COMPLETE,sul3=COMPLETE","USA: Nevada"
"2","PDT001128391.2","GCA_019927285.1","Susceptible","blaSHV-27=COMPLETE,fosA=COMPLETE,oqxA=COMPLETE,oqxB25=COMPLETE","USA: District of Columbia"
"3","PDT001128392.2","GCA_019927305.1","Susceptible","blaSHV-26=COMPLETE,fosA=COMPLETE,oqxA=COMPLETE,oqxB19=COMPLETE","USA: Virginia"
"4","PDT001128393.2","GCA_019927315.1","Susceptible","blaSHV-1=COMPLETE,fosA=COMPLETE,oqxA10=COMPLETE,oqxB25=COMPLETE","USA: District of Columbia"
"5","PDT001128394.2","GCA_019927325.1","Susceptible","blaSHV-207=COMPLETE,fosA=COMPLETE,oqxA=COMPLETE,oqxB=COMPLETE","USA: District of Columbia"
"6","PDT001128395.2","GCA_019927345.1","Resistant","aac(6')-Ib-cr5=COMPLETE,blaCTX-M-15=COMPLETE,blaOXA-1=COMPLETE,blaOXA-48=COMPLETE,blaSHV-11=COMPLETE,catA1=COMPLETE,catB3=PARTIAL_END_OF_CONTIG,fosA=COMPLETE,gyrA_S83I=POINT,ompK35_P255QfsTer5=POINT,oqxA=COMPLETE,oqxB=COMPLETE,parC_S80I=POINT,qnrS1=COMPLETE","Ukraine: Vinnitsa"
"7","PDT001128396.2","GCA_019927385.1","Susceptible","aac(3)-IId=COMPLETE,blaCTX-M-14=COMPLETE,blaLAP=COMPLETE,blaSHV-11=COMPLETE,blaTEM-1=COMPLETE,dfrA1=COMPLETE,dfrA50=COMPLETE,fosA=COMPLETE,oqxA=COMPLETE,oqxB=COMPLETE,qnrS1=COMPLETE,sul1=COMPLETE,tet(A)=COMPLETE","South Korea"
"8","PDT001128397.2","GCA_019927405.1","Susceptible","aac(6')-Ib-cr5=COMPLETE,aph(3'')-Ib=COMPLETE,aph(6)-Id=COMPLETE,blaCTX-M-15=COMPLETE,blaOXA-1=COMPLETE,blaSHV-187=COMPLETE,blaTEM-1=COMPLETE,catB3=PARTIAL_END_OF_CONTIG,dfrA14=COMPLETE,fosA=COMPLETE,oqxA=COMPLETE,oqxB25=COMPLETE,sul2=COMPLETE,tet(A)=COMPLETE","Kenya: Nairobi"
"9","PDT001128398.2","GCA_019927425.1","Susceptible","aph(3'')-Ib=COMPLETE,aph(3')-Ia=PARTIAL_END_OF_CONTIG,aph(6)-Id=COMPLETE,blaSHV-1=COMPLETE,blaTEM-1=COMPLETE,fosA=COMPLETE,oqxA11=COMPLETE,oqxB19=COMPLETE,sul2=COMPLETE,tet(D)=COMPLETE","Kenya: Nairobi"
"10","PDT001128399.2","GCA_019927435.1","Susceptible","blaSHV=COMPLETE,fosA=COMPLETE,oqxA=COMPLETE,oqxB=COMPLETE","USA: District of Columbia"
"11","PDT001128400.2","GCA_019927465.1","Susceptible","aac(3)-IId=COMPLETE,aadA2=COMPLETE,blaCTX-M-55=COMPLETE,blaSHV-32=COMPLETE,blaTEM-1=COMPLETE,bleO=COMPLETE,dfrA32=COMPLETE,ere(A)=COMPLETE,floR=COMPLETE,fosA=COMPLETE,mcr-3.20=COMPLETE,ompK35_E132K=POINT,oqxA10=COMPLETE,oqxB19=COMPLETE,qnrS1=COMPLETE,sul1=COMPLETE,sul2=COMPLETE,tet(A)=COMPLETE,tet(M)=COMPLETE","Thailand"
"12","PDT001128401.2","GCA_019927485.1","Susceptible","blaSHV-11=COMPLETE,fosA=COMPLETE,oqxA=COMPLETE,oqxB=COMPLETE","USA: District of Columbia"
"13","PDT001128402.2","GCA_019927505.1","Susceptible","blaSHV-11=COMPLETE,fosA=COMPLETE,oqxA=COMPLETE,oqxB19=COMPLETE","USA: District of Columbia"
"14","PDT001128403.2","GCA_019927525.1","Resistant","aac(3)-IIe=COMPLETE,aac(6')-Ib-cr5=COMPLETE,aadA2=COMPLETE,aph(3'')-Ib=COMPLETE,aph(6)-Id=COMPLETE,blaCTX-M-15=COMPLETE,blaNDM-7=COMPLETE,blaOXA-1=COMPLETE,blaSHV-11=COMPLETE,blaTEM-1=COMPLETE,ble=COMPLETE,catB3=PARTIAL_END_OF_CONTIG,dfrA12=COMPLETE,dfrA14=COMPLETE,erm(42)=COMPLETE,fosA=COMPLETE,gyrA_S83I=POINT,oqxA=COMPLETE,oqxB=COMPLETE,parC_S80I=POINT,qnrB1=COMPLETE,sul1=COMPLETE,sul2=COMPLETE,tet(A)=COMPLETE","Philippines"
"15","PDT001128404.2","GCA_019927535.1","Susceptible","aadA2=COMPLETE,aph(3'')-Ib=COMPLETE,aph(3')-Ia=COMPLETE,aph(6)-Id=COMPLETE,blaSHV-27=COMPLETE,dfrA12=COMPLETE,fosA=COMPLETE,mph(A)=COMPLETE,mrx(A)=COMPLETE,oqxA11=COMPLETE,oqxB19=COMPLETE,qnrS1=COMPLETE,sul1=COMPLETE,sul2=COMPLETE","USA: District of Columbia"
"16","PDT001128405.2","GCA_019927565.1","Susceptible","blaSHV-77=COMPLETE,fosA=COMPLETE,oqxA=COMPLETE,oqxB25=COMPLETE","USA: North Carolina"
"17","PDT001128406.2","GCA_019927585.1","Resistant","aac(6')-Ib4=COMPLETE,aadA1=COMPLETE,aph(3')-XV=COMPLETE,blaSHV=PARTIAL_END_OF_CONTIG,blaVIM-1=COMPLETE,catB2=COMPLETE,dfrA14=COMPLETE,fosA=COMPLETE,mph(A)=COMPLETE,mrx(A)=COMPLETE,oqxA=COMPLETE,oqxB25=COMPLETE,ramR_A12GfsTer37=POINT,sul1=COMPLETE","Italy: Sienna"
"18","PDT001128407.2","GCA_019927605.1","Susceptible","blaSHV-1=COMPLETE,fosA10=COMPLETE,oqxA=COMPLETE,oqxB=COMPLETE","USA: Virginia"
"19","PDT001128408.2","GCA_019927625.1","Resistant","aac(3)-IId=COMPLETE,aac(3)-IIe=COMPLETE,aac(6')-Ib-cr5=COMPLETE,aadA1=COMPLETE,aadA2=COMPLETE,aph(3'')-Ib=COMPLETE,aph(3')-Ia=COMPLETE,aph(6)-Id=COMPLETE,arr-3=COMPLETE,arr=PARTIAL_END_OF_CONTIG,blaCTX-M-15=COMPLETE,blaDHA-1=COMPLETE,blaNDM-1=COMPLETE,blaOXA-1=COMPLETE,blaSHV-28=COMPLETE,blaTEM-1=COMPLETE,ble=COMPLETE,catA2=COMPLETE,catB3=PARTIAL_END_OF_CONTIG,cmlA5=COMPLETE,dfrA12=COMPLETE,dfrA14=COMPLETE,ere(A)=COMPLETE,floR2=COMPLETE,fosA=COMPLETE,gyrA_D87A=POINT,gyrA_S83F=POINT,mph(A)=COMPLETE,mrx(A)=COMPLETE,oqxA=COMPLETE,oqxB=COMPLETE,parC_S80I=POINT,qnrB4=COMPLETE,ramR_A19V=POINT,rmtB1=COMPLETE,sul1=PARTIAL_END_OF_CONTIG,sul2=PARTIAL_END_OF_CONTIG,tet(A)=COMPLETE,tet(G)=COMPLETE","Kenya: Nairobi"
"20","PDT001128409.2","GCA_019927655.1","Susceptible","aac(2')-IIa=COMPLETE,blaCTX-M-15=COMPLETE,blaSHV-11=COMPLETE,fosA=COMPLETE,oqxA=COMPLETE,oqxB=COMPLETE","Kenya: Nairobi"
"21","PDT001128411.2","GCA_019927685.1","Resistant","aac(3)-IIe=COMPLETE,aac(6')-Ib-cr5=COMPLETE,aph(3'')-Ib=COMPLETE,aph(6)-Id=COMPLETE,blaCTX-M-15=COMPLETE,blaKPC-3=COMPLETE,blaOXA-1=COMPLETE,blaOXA=MISTRANSLATION,blaSHV-28=COMPLETE,blaTEM-1=COMPLETE,catB3=PARTIAL_END_OF_CONTIG,dfrA14=COMPLETE,fosA=COMPLETE,gyrA_S83I=POINT,oqxA=COMPLETE,oqxB19=COMPLETE,parC_S80I=POINT,qnrB1=COMPLETE,sul2=COMPLETE","Italy: Sienna"
"22","PDT001128412.2","GCA_019927705.1","Susceptible","aac(3)-IIe=COMPLETE,aac(6')-Ib-cr5=COMPLETE,aph(3'')-Ib=COMPLETE,aph(6)-Id=COMPLETE,blaCTX-M-15=COMPLETE,blaOXA-1=COMPLETE,blaSHV-11=COMPLETE,blaTEM-1=COMPLETE,catB3=PARTIAL_END_OF_CONTIG,dfrA14=COMPLETE,fosA=COMPLETE,oqxA=COMPLETE,oqxB19=COMPLETE,qnrB1=COMPLETE,sul2=COMPLETE,tet(A)=COMPLETE","USA: Texas"
"23","PDT001128413.2","GCA_019927725.1","Susceptible","blaSHV-1=COMPLETE,fosA=COMPLETE,oqxA=COMPLETE,oqxB19=COMPLETE","USA: Texas"
"24","PDT001128414.2","GCA_019927745.1","Susceptible","aac(3)-IIe=COMPLETE,aac(6')-Ib-cr5=COMPLETE,aph(3'')-Ib=COMPLETE,aph(6)-Id=COMPLETE,blaCTX-M-15=COMPLETE,blaOXA-1=COMPLETE,blaSHV-1=COMPLETE,blaTEM-1=COMPLETE,catB3=PARTIAL_END_OF_CONTIG,dfrA14=COMPLETE,dfrA50=COMPLETE,fosA=COMPLETE,oqxA10=COMPLETE,oqxB=COMPLETE,qnrB1=COMPLETE,sul2=COMPLETE,tet(A)=COMPLETE","USA: Arizona"
"25","PDT001128415.2","GCA_019927765.1","Susceptible","aadA2=COMPLETE,aph(3'')-Ib=COMPLETE,aph(3')-Ia=COMPLETE,aph(6)-Id=COMPLETE,blaCTX-M-15=COMPLETE,blaSHV-27=COMPLETE,catA2=COMPLETE,dfrA12=COMPLETE,fosA=COMPLETE,mph(A)=COMPLETE,mrx(A)=COMPLETE,oqxA=COMPLETE,oqxB25=COMPLETE,qnrS1=COMPLETE,sul1=COMPLETE,sul2=COMPLETE,tet(A)=COMPLETE","Germany: Landstuhl"
"26","PDT001128416.2","GCA_019927785.1","Susceptible","aac(6')-Ib-cr5=COMPLETE,aadA16=COMPLETE,arr-3=COMPLETE,blaCTX-M-15=COMPLETE,blaSHV-11=COMPLETE,blaTEM-1=COMPLETE,dfrA27=COMPLETE,fosA5=COMPLETE,mph(A)=COMPLETE,mrx(A)=COMPLETE,oqxA=COMPLETE,oqxB5=COMPLETE,sul1=COMPLETE,tet(A)=COMPLETE","Thailand"
"27","PDT001128418.2","GCA_019927825.1","Susceptible","aac(6')-Ib-cr5=COMPLETE,aph(3'')-Ib=COMPLETE,aph(6)-Id=COMPLETE,blaCTX-M-15=COMPLETE,blaOXA-1=COMPLETE,blaSHV-11=COMPLETE,blaTEM-1=COMPLETE,catB3=PARTIAL_END_OF_CONTIG,dfrA14=COMPLETE,dfrA50=COMPLETE,fosA=COMPLETE,oqxA=COMPLETE,oqxB25=COMPLETE,qnrB1=COMPLETE,sul2=COMPLETE,tet(A)=COMPLETE","USA: District of Columbia"
"28","PDT001128419.2","GCA_019927845.1","Susceptible","blaSHV-75=COMPLETE,fosA=COMPLETE,oqxA=COMPLETE,oqxB14=COMPLETE","USA: California"
"29","PDT001128420.2","GCA_019927855.1","Susceptible","blaSHV-11=COMPLETE,fosA=COMPLETE,oqxA=COMPLETE,oqxB6=COMPLETE,ramR_T162I=POINT","USA: District of Columbia"
"30","PDT001128421.2","GCA_019927885.1","Susceptible","aac(3)-IIe=COMPLETE,aac(6')-Ib-cr5=COMPLETE,aph(3'')-Ib=COMPLETE,aph(6)-Id=COMPLETE,blaCTX-M-15=COMPLETE,blaOXA-1=COMPLETE,blaSHV-52=COMPLETE,blaTEM-1=COMPLETE,catB3=PARTIAL_END_OF_CONTIG,dfrA14=COMPLETE,dfrA50=COMPLETE,fosA=COMPLETE,oqxA=COMPLETE,oqxB19=COMPLETE,qnrB1=COMPLETE,sul2=COMPLETE,tet(A)=COMPLETE","USA: Texas"
"31","PDT001128422.2","GCA_019927905.1","Resistant","aac(3)-IId=COMPLETE,aac(6')-Ib-cr5=COMPLETE,aadA16=COMPLETE,arr-3=COMPLETE,blaCTX-M-14=COMPLETE,blaKPC-2=COMPLETE,blaOXA=MISTRANSLATION,blaSHV-1=COMPLETE,blaTEM-1=COMPLETE,catA2=COMPLETE,dfrA27=COMPLETE,dfrA50=COMPLETE,floR=COMPLETE,fosA=COMPLETE,gyrA_D87A=POINT,gyrA_S83Y=POINT,oqxA=COMPLETE,oqxB20=COMPLETE,parC_S80I=POINT,sul1=COMPLETE,tet(A)=COMPLETE,tet(D)=COMPLETE","USA: Virginia"
"32","PDT001128423.2","GCA_019927925.1","Susceptible","aac(6')-Ib-cr5=COMPLETE,aph(3'')-Ib=COMPLETE,aph(6)-Id=COMPLETE,blaCTX-M-15=COMPLETE,blaOXA-1=COMPLETE,blaSHV-1=COMPLETE,blaTEM-1=COMPLETE,catB3=PARTIAL_END_OF_CONTIG,dfrA14=COMPLETE,fosA=COMPLETE,oqxA=COMPLETE,oqxB32=COMPLETE,sul2=COMPLETE,tet(A)=COMPLETE","USA: Texas"
"33","PDT001128424.2","GCA_019927945.1","Resistant","aac(3)-IIe=COMPLETE,aac(6')-Ib-cr5=COMPLETE,aph(3'')-Ib=COMPLETE,aph(6)-Id=COMPLETE,blaCTX-M-15=COMPLETE,blaOXA-1=COMPLETE,blaOXA-48=COMPLETE,blaSHV-11=COMPLETE,blaTEM-1=COMPLETE,catB3=PARTIAL_END_OF_CONTIG,dfrA14=COMPLETE,fosA=COMPLETE,gyrA_S83I=POINT,oqxA=COMPLETE,oqxB=COMPLETE,parC_S80I=POINT,qnrB1=COMPLETE,sul2=COMPLETE,tet(A)=COMPLETE","Germany: Landstuhl"
"34","PDT001128425.2","GCA_019927965.1","Susceptible","aph(3'')-Ib=COMPLETE,aph(6)-Id=COMPLETE,blaCTX-M-15=COMPLETE,blaSHV-11=COMPLETE,blaTEM-1=COMPLETE,dfrA14=COMPLETE,fosA=COMPLETE,oqxA=COMPLETE,oqxB20=COMPLETE,qnrB1=COMPLETE,sul2=COMPLETE","Jordan"
"35","PDT001128426.2","GCA_019927985.1","Susceptible","aac(3)-IIe=PARTIAL_END_OF_CONTIG,aph(3'')-Ib=COMPLETE,aph(6)-Id=COMPLETE,blaCTX-M-15=COMPLETE,blaSHV-11=COMPLETE,blaTEM-1=COMPLETE,dfrA14=COMPLETE,fosA=COMPLETE,oqxA=COMPLETE,oqxB19=COMPLETE,qnrB1=COMPLETE,sul2=COMPLETE,tet(D)=COMPLETE","Jordan"
"36","PDT001128427.2","GCA_019928005.1","Resistant","aac(6')-Ib=COMPLETE,aadA2=COMPLETE,arr-2=COMPLETE,blaCTX-M-15=COMPLETE,blaNDM-5=COMPLETE,blaOXA-181=COMPLETE,blaSHV-11=COMPLETE,ble=COMPLETE,catA2=COMPLETE,catB=COMPLETE,dfrA12=COMPLETE,fosA=COMPLETE,gyrA_S83I=POINT,ompK36_T136TDT=POINT,oqxA=COMPLETE,oqxB=COMPLETE,parC_S80I=POINT,qnrB1=COMPLETE,rmtF=PARTIAL_END_OF_CONTIG,sul1=COMPLETE","Jordan"
"37","PDT001128428.2","GCA_019928025.1","Susceptible","aac(6')-Ib=COMPLETE,ant(2'')-Ia=COMPLETE,aph(3'')-Ib=COMPLETE,aph(6)-Id=COMPLETE,blaCTX-M-15=COMPLETE,blaSHV-12=COMPLETE,blaTEM-1=COMPLETE,cmlA5=COMPLETE,dfrA7=COMPLETE,fosA=COMPLETE,gyrA_S83Y=POINT,ompK35_G208VfsTer5=POINT,oqxA=COMPLETE,oqxB=COMPLETE,qnrS1=COMPLETE,sul1=COMPLETE,sul2=COMPLETE","Jordan"
"38","PDT001128429.2","GCA_019928045.1","Resistant","aac(6')-Ib=COMPLETE,aadA1=COMPLETE,aph(3'')-Ib=COMPLETE,aph(3')-VI=PARTIAL_END_OF_CONTIG,blaCTX-M-14=COMPLETE,blaCTX-M-15=COMPLETE,blaNDM-1=COMPLETE,blaOXA-48=COMPLETE,blaOXA=MISTRANSLATION,blaSHV-11=COMPLETE,blaTEM=COMPLETE,ble=COMPLETE,fosA=COMPLETE,oqxA=COMPLETE,oqxB19=COMPLETE,qnrS=PARTIAL_END_OF_CONTIG","Jordan"
"39","PDT001128430.2","GCA_019928065.1","Susceptible","blaSHV-60=COMPLETE,fosA=PARTIAL,oqxA=COMPLETE,oqxB19=COMPLETE","Jordan"
"40","PDT001128431.2","GCA_019928075.1","Resistant","aac(3)-IIe=COMPLETE,aac(6')-Ib-cr5=COMPLETE,aac(6')-Il=COMPLETE,aadA1=COMPLETE,ant(2'')-Ia=COMPLETE,aph(3'')-Ib=COMPLETE,aph(6)-Id=COMPLETE,blaCTX-M-15=COMPLETE,blaOXA-1=COMPLETE,blaSHV-28=COMPLETE,blaVIM-4=COMPLETE,catB3=PARTIAL_END_OF_CONTIG,dfrA14=COMPLETE,dfrA1=COMPLETE,fosA=COMPLETE,oqxA=COMPLETE,oqxB=COMPLETE,qnrB1=COMPLETE,sul1=COMPLETE","Jordan"
"41","PDT001128432.2","GCA_019928105.1","Resistant","aac(6')-Ib=COMPLETE,aadA1=COMPLETE,aadA2=COMPLETE,blaCTX-M-15=COMPLETE,blaNDM-1=COMPLETE,blaOXA-9=COMPLETE,blaOXA=PARTIAL_END_OF_CONTIG,blaSHV-1=COMPLETE,blaTEM=COMPLETE,ble=COMPLETE,dfrA12=COMPLETE,fosA=COMPLETE,gyrA_D87N=POINT,gyrA_S83F=POINT,mcr-1.1=COMPLETE,ompK35_Q273Ter=POINT,ompK36_D135DD=POINT,oqxA=COMPLETE,oqxB32=COMPLETE,parC_E84K=POINT,sul1=COMPLETE,tet(B)=COMPLETE","Thailand"
"42","PDT001128433.2","GCA_019928115.1","Susceptible","aac(6')-Ib-cr5=COMPLETE,aph(3'')-Ib=COMPLETE,aph(6)-Id=COMPLETE,blaCTX-M-15=COMPLETE,blaOXA-1=COMPLETE,blaSHV-11=COMPLETE,blaTEM-1=COMPLETE,catB3=PARTIAL_END_OF_CONTIG,dfrA14=COMPLETE,dfrA50=COMPLETE,fosA7=PARTIAL,fosA=COMPLETE,oqxA=COMPLETE,oqxB=COMPLETE,qnrB1=COMPLETE,sul2=COMPLETE,tet(A)=COMPLETE","USA: North Carolina"
"43","PDT001128434.2","GCA_019928145.1","Susceptible","aac(3)-IIe=COMPLETE,aph(3'')-Ib=COMPLETE,aph(6)-Id=COMPLETE,blaCTX-M-15=COMPLETE,blaSHV-11=COMPLETE,blaTEM-1=COMPLETE,dfrA14=COMPLETE,fosA=COMPLETE,ompK35_E132K=POINT,oqxA=COMPLETE,oqxB25=COMPLETE,qnrB1=COMPLETE,sul2=COMPLETE,tet(A)=COMPLETE","USA: North Carolina"
"44","PDT001128435.2","GCA_019928165.1","Susceptible","aph(3'')-Ib=COMPLETE,aph(6)-Id=COMPLETE,blaSHV-1=COMPLETE,blaTEM-1=COMPLETE,fosA7=MISTRANSLATION,fosA=COMPLETE,ompK35_E132K=POINT,oqxA=COMPLETE,oqxB=COMPLETE,tet(D)=COMPLETE","USA: District of Columbia"
"45","PDT001128436.2","GCA_019928185.1","Resistant","aac(3)-IIe=COMPLETE,aac(6')-Ib-cr5=COMPLETE,aadA2=COMPLETE,aph(3'')-Ib=PARTIAL_END_OF_CONTIG,aph(3')-Ia=COMPLETE,aph(3')-VIb=COMPLETE,aph(6)-Id=PARTIAL_END_OF_CONTIG,blaCTX-M-14=COMPLETE,blaCTX-M-15=COMPLETE,blaOXA-1=COMPLETE,blaOXA-48=COMPLETE,blaSHV-11=COMPLETE,catA2=COMPLETE,catB3=PARTIAL_END_OF_CONTIG,dfrA12=COMPLETE,fosA=COMPLETE,gyrA_S83I=POINT,mgrB_C16Ter=POINT,mph(A)=COMPLETE,mrx(A)=COMPLETE,oqxA=COMPLETE,oqxB=COMPLETE,parC_S80I=POINT,qnrS1=COMPLETE,sul1=COMPLETE,sul2=COMPLETE","Israel: Jerusalem"
"46","PDT001128437.2","GCA_019928205.1","Susceptible","aac(3)-IIe=COMPLETE,aac(6')-Ib-cr5=COMPLETE,aph(3'')-Ib=COMPLETE,aph(6)-Id=COMPLETE,blaCTX-M-15=COMPLETE,blaOXA-1=COMPLETE,blaSHV-1=COMPLETE,blaTEM-1=COMPLETE,catB3=PARTIAL_END_OF_CONTIG,dfrA14=COMPLETE,fosA7=MISTRANSLATION,fosA=COMPLETE,oqxA=COMPLETE,oqxB19=COMPLETE,qnrB=PARTIAL_END_OF_CONTIG,ramR_S29PfsTer42=POINT,sul2=COMPLETE,tet(A)=COMPLETE","USA: Texas"
"47","PDT001128438.2","GCA_019928215.1","Resistant","aac(6')-Ib=COMPLETE,aadA2=COMPLETE,aph(3')-Ia=COMPLETE,blaKPC-3=COMPLETE,blaOXA=MISTRANSLATION,blaSHV-11=COMPLETE,blaTEM-1=COMPLETE,catA1=COMPLETE,dfrA12=COMPLETE,fosA=COMPLETE,gyrA_S83I=POINT,mph(A)=COMPLETE,mrx(A)=COMPLETE,ompK35_E42RfsTer47=POINT,ompK36_D135DGD=POINT,oqxA=COMPLETE,oqxB=COMPLETE,parC_S80I=POINT,sul1=COMPLETE","Israel: Jerusalem"
"48","PDT001128439.2","GCA_019928245.1","Susceptible","aac(3)-IIe=COMPLETE,aac(6')-Ib-cr5=COMPLETE,aph(3'')-Ib=COMPLETE,aph(6)-Id=COMPLETE,blaCTX-M=PARTIAL,blaOXA-1=COMPLETE,blaSHV-108=COMPLETE,blaTEM-1=COMPLETE,catB3=PARTIAL_END_OF_CONTIG,dfrA14=COMPLETE,fosA=COMPLETE,oqxA=COMPLETE,oqxB19=COMPLETE,qnrB1=COMPLETE,sul2=COMPLETE,tet(A)=COMPLETE","USA: Texas"
"49","PDT001128440.2","GCA_019928265.1","Susceptible","aadA1=COMPLETE,aph(3'')-Ib=COMPLETE,aph(6)-Id=COMPLETE,blaSHV-1=COMPLETE,blaTEM-1=COMPLETE,dfrA1=COMPLETE,fosA7=PARTIAL,fosA=COMPLETE,gyrA_D87Y=POINT,mcr-8.1=COMPLETE,mph(B)=COMPLETE,oqxA=COMPLETE,oqxB19=COMPLETE,sul1=COMPLETE,sul2=COMPLETE","USA: District of Columbia"
"50","PDT001128441.2","GCA_019928285.1","Susceptible","aph(3'')-Ib=COMPLETE,aph(6)-Id=COMPLETE,blaCTX-M-14=COMPLETE,blaLAP-2=COMPLETE,blaSHV-11=COMPLETE,blaTEM-1=COMPLETE,dfrA1=COMPLETE,fosA=COMPLETE,oqxA=COMPLETE,oqxB19=COMPLETE,qnrS1=COMPLETE,sul1=COMPLETE,sul2=COMPLETE,tet(A)=COMPLETE","USA: Maryland"
"51","PDT001128442.2","GCA_019928305.1","Susceptible","blaSHV=COMPLETE,dfrA50=COMPLETE,fosA=COMPLETE,oqxA=COMPLETE,oqxB19=COMPLETE","USA: New Jersey"
"52","PDT001128444.2","GCA_019928345.1","Susceptible","aac(3)-IId=COMPLETE,aac(6')-Ib=COMPLETE,aadA1=COMPLETE,aph(3'')-Ib=COMPLETE,aph(6)-Id=COMPLETE,blaOXA-9=COMPLETE,blaSHV-1=COMPLETE,blaTEM=COMPLETE,dfrA14=COMPLETE,fosA=COMPLETE,oqxA10=COMPLETE,oqxB5=COMPLETE,qnrB9=COMPLETE,sul2=COMPLETE","Germany: Landstuhl"
"53","PDT001128445.2","GCA_019928365.1","Resistant","aac(3)-IIe=COMPLETE,aac(6')-Ib-cr5=COMPLETE,aph(3'')-Ib=COMPLETE,aph(6)-Id=COMPLETE,blaCTX-M-15=COMPLETE,blaOXA-1=COMPLETE,blaOXA=COMPLETE,blaSHV-11=COMPLETE,blaTEM-1=COMPLETE,catB3=PARTIAL_END_OF_CONTIG,dfrA14=COMPLETE,fosA=COMPLETE,gyrA_D87A=POINT,gyrA_S83F=POINT,ompK35_Y76Ter=POINT,ompK36_D135DGD=POINT,parC_S80I=POINT,qnrB1=COMPLETE,ramR_L111RfsTer13=POINT,sul2=COMPLETE,tet(A)=COMPLETE","Kenya: Nairobi"
"54","PDT001128446.2","GCA_019928385.1","Susceptible","blaSHV-1=COMPLETE,fosA=COMPLETE,oqxA10=COMPLETE,oqxB=COMPLETE","USA: California"
"55","PDT001128447.2","GCA_019928405.1","Resistant","aac(6')-Ib=COMPLETE,aph(3'')-Ib=PARTIAL_END_OF_CONTIG,aph(6)-Id=COMPLETE,arr-2=COMPLETE,blaCTX-M-15=COMPLETE,blaOXA-181=COMPLETE,blaSHV-11=COMPLETE,blaTEM-1=COMPLETE,catB=COMPLETE,dfrA14=COMPLETE,fosA=COMPLETE,gyrA_D87G=POINT,gyrA_S83I=POINT,mph(A)=COMPLETE,ompK36_T136TDT=POINT,oqxA=COMPLETE,oqxB=COMPLETE,parC_S80I=POINT,rmtF1=COMPLETE,sul2=COMPLETE","Kenya: Nairobi"
"56","PDT001128448.2","GCA_019928395.1","Resistant","aac(6')-Ib=COMPLETE,aadA2=COMPLETE,arr-2=COMPLETE,blaCTX-M-15=COMPLETE,blaNDM-1=COMPLETE,blaSHV-1=COMPLETE,blaTEM-1=COMPLETE,ble=COMPLETE,catB=COMPLETE,dfrA12=COMPLETE,erm(B)=COMPLETE,fosA=COMPLETE,gyrA_S83I=POINT,mph(A)=COMPLETE,mrx(A)=COMPLETE,ompK35_Y108TerfsTer0=POINT,oqxA=COMPLETE,oqxB=PARTIAL,parC_S80I=POINT,qnrB1=COMPLETE,rmtF1=COMPLETE,sul1=COMPLETE","Thailand"
"57","PDT001128449.2","GCA_019928445.1","Susceptible","blaSHV-36=COMPLETE,fosA10=COMPLETE,oqxA=COMPLETE,oqxB25=COMPLETE","USA: California"
"58","PDT001128450.2","GCA_019928465.1","Susceptible","aac(3)-IId=COMPLETE,blaSHV-28=COMPLETE,fosA=COMPLETE,gyrA_D87A=POINT,gyrA_S83F=POINT,ompK35_G208VfsTer5=POINT,oqxA=COMPLETE,oqxB=COMPLETE,parC_S80I=POINT,qnrB6=COMPLETE,ramR_A19V=POINT,sul1=COMPLETE,tet(D)=COMPLETE","USA: District of Columbia"
"59","PDT001128451.2","GCA_019928485.1","Susceptible","blaSHV-11=COMPLETE,fosA5=COMPLETE,oqxA=COMPLETE,oqxB5=COMPLETE","USA: California"
"60","PDT001128452.2","GCA_019928505.1","Susceptible","aac(3)-IIe=COMPLETE,aadA2=COMPLETE,aph(3'')-Ib=COMPLETE,aph(3')-Ia=COMPLETE,aph(6)-Id=COMPLETE,armA=COMPLETE,blaCTX-M-15=COMPLETE,blaDHA-1=COMPLETE,blaSHV-1=COMPLETE,blaTEM-1=COMPLETE,cirA_A414GfsTer2=POINT,dfrA12=COMPLETE,dfrA14=COMPLETE,fosA=COMPLETE,gyrA_S83I=POINT,mph(A)=COMPLETE,mph(E)=COMPLETE,mrx(A)=COMPLETE,msr(E)=COMPLETE,oqxA10=COMPLETE,oqxB=COMPLETE,parC_S80I=POINT,qnrB4=COMPLETE,sul1=COMPLETE,sul2=COMPLETE","USA: Conneticut"
"61","PDT001128453.2","GCA_019928525.1","Susceptible","aac(3)-IIe=COMPLETE,aac(6')-Ib-cr5=COMPLETE,aph(3'')-Ib=COMPLETE,aph(6)-Id=COMPLETE,blaCTX-M-15=COMPLETE,blaOXA-1=COMPLETE,blaSHV-1=COMPLETE,blaTEM-1=COMPLETE,catB3=PARTIAL_END_OF_CONTIG,dfrA14=COMPLETE,fosA=COMPLETE,oqxA=COMPLETE,oqxB19=COMPLETE,qnrB1=COMPLETE,sul2=COMPLETE,tet(A)=COMPLETE","USA: Texas"
"62","PDT001128454.2","GCA_019928545.1","Susceptible","blaSHV-27=COMPLETE,fosA=COMPLETE,oqxA=COMPLETE,oqxB=COMPLETE","Guam: Hagatna"
"63","PDT001128455.2","GCA_019928565.1","Susceptible","blaSHV=COMPLETE,fosA10=COMPLETE,fosA7=MISTRANSLATION,oqxA=COMPLETE,oqxB=COMPLETE","USA: California"
"64","PDT001128456.2","GCA_019928585.1","Susceptible","aadA1=COMPLETE,blaSHV-1=COMPLETE,blaSHV_C-112A=POINT,dfrA8=COMPLETE,fosA=COMPLETE,oqxA=COMPLETE,oqxB32=COMPLETE,sul1=COMPLETE,tet(D)=COMPLETE","USA: Texas"
"65","PDT001128457.2","GCA_019928595.1","Susceptible","blaSHV-1=COMPLETE,dfrA18=COMPLETE,fosA10=COMPLETE,oqxA=COMPLETE,oqxB=COMPLETE,sul2=COMPLETE","USA: District of Columbia"
"66","PDT001128458.2","GCA_019928635.1","Susceptible","blaSHV-187=COMPLETE,dfrA7=COMPLETE,fosA=COMPLETE,oqxA=COMPLETE,oqxB25=COMPLETE,sul1=COMPLETE,tet(D)=COMPLETE","USA: District of Columbia"
"67","PDT001128459.3","GCA_019928625.2","Susceptible","aac(3)-IVa=COMPLETE,aadA1=COMPLETE,aadA2=COMPLETE,aph(3')-Ia=COMPLETE,aph(4)-Ia=COMPLETE,blaSHV-12=COMPLETE,blaSHV-27=COMPLETE,cmlA1=COMPLETE,dfrA12=COMPLETE,estX-3=COMPLETE,fosA=COMPLETE,gyrA_S83I=POINT,mph(A)=COMPLETE,mrx(A)=COMPLETE,oqxA=COMPLETE,oqxB=COMPLETE,parC_S80I=POINT,qnrB19=COMPLETE,sul1=COMPLETE,sul3=COMPLETE","Peru: Iquitos"
"68","PDT001128460.2","GCA_019928665.1","Susceptible","aac(3)-IIe=COMPLETE,aac(6')-Ib-cr5=COMPLETE,aph(3'')-Ib=COMPLETE,aph(6)-Id=COMPLETE,blaCTX-M-15=COMPLETE,blaOXA-1=COMPLETE,blaSHV-76=COMPLETE,blaTEM-1=COMPLETE,catB3=PARTIAL_END_OF_CONTIG,dfrA14=COMPLETE,fosA7=MISTRANSLATION,fosA=COMPLETE,oqxA=COMPLETE,oqxB14=COMPLETE,qnrB1=COMPLETE,sul2=COMPLETE,tet(A)=COMPLETE","Peru: Iquitos"
"69","PDT001128461.2","GCA_019928685.1","Susceptible","blaSHV=COMPLETE,fosA=COMPLETE,oqxA=COMPLETE,oqxB25=COMPLETE,qnrB19=COMPLETE,tet(D)=COMPLETE","USA: Virginia"
"70","PDT001128462.4","GCA_019928705.3","Susceptible","aac(6')-Ib-cr5=COMPLETE,aph(3'')-Ib=COMPLETE,aph(6)-Id=COMPLETE,blaCTX-M-15=COMPLETE,blaOXA-1=COMPLETE,blaSHV-1=COMPLETE,blaTEM-1=COMPLETE,catB3=PARTIAL_END_OF_CONTIG,dfrA14=COMPLETE,fosA7=MISTRANSLATION,fosA=COMPLETE,oqxA=COMPLETE,oqxB19=COMPLETE,ramR_S29PfsTer42=POINT,sul2=COMPLETE","USA: District of Columbia"
"71","PDT001128524.2","GCA_019930055.1","Susceptible","aac(3)-IIe=COMPLETE,aac(6')-Ib-cr5=COMPLETE,aph(3')-II=HMM,blaCTX-M-15=COMPLETE,blaOXA-1=COMPLETE,blaSHV-1=COMPLETE,blaTEM-1=COMPLETE,ble=HMM,catB3=PARTIAL_END_OF_CONTIG,dfrA14=COMPLETE,erm(B)=COMPLETE,fosA=COMPLETE,oqxA11=COMPLETE,oqxB19=COMPLETE,qnrA1=COMPLETE,sul1=COMPLETE,tet(D)=COMPLETE","USA: Texas"
"72","PDT001128525.2","GCA_019930085.1","Susceptible","aph(3'')-Ib=COMPLETE,aph(6)-Id=COMPLETE,blaCTX-M-15=COMPLETE,blaSHV-202=COMPLETE,blaTEM-1=COMPLETE,dfrA14=COMPLETE,fosA10=COMPLETE,oqxA=COMPLETE,oqxB32=COMPLETE,qnrB1=COMPLETE,sul2=COMPLETE,tet(A)=COMPLETE","Afghanistan"
"73","PDT001128527.2","GCA_019930125.1","Susceptible","blaSHV-1=COMPLETE,fosA=COMPLETE,oqxA=COMPLETE,oqxB19=COMPLETE","USA: Virginia"
"74","PDT001128528.2","GCA_019930145.1","Susceptible","blaSHV-1=COMPLETE,fosA10=COMPLETE,oqxA11=COMPLETE,oqxB19=COMPLETE","South Korea"
"75","PDT001128529.2","GCA_019930175.1","Susceptible","aadA1=COMPLETE,blaSHV-11=COMPLETE,dfrA1=COMPLETE,fosA=COMPLETE,oqxA=COMPLETE,oqxB=COMPLETE,sul1=COMPLETE","USA: North Carolina"
"76","PDT001128530.2","GCA_019930165.1","Susceptible","blaSHV-171=COMPLETE,fosA7=PARTIAL,fosA=COMPLETE,oqxA=COMPLETE,oqxB=COMPLETE","Germany: Landstuhl"
"77","PDT001128531.2","GCA_019930185.1","Susceptible","aadA2=COMPLETE,blaCARB-2=COMPLETE,blaSHV-11=COMPLETE,dfrA1=COMPLETE,floR=COMPLETE,fosA=COMPLETE,mph(A)=COMPLETE,mrx(A)=COMPLETE,oqxA=COMPLETE,oqxB=COMPLETE,qnrA1=COMPLETE,sul1=COMPLETE,tet(A)=COMPLETE","USA: District of Columbia"
"78","PDT001128532.2","GCA_019930225.1","Susceptible","aac(6')-Ib-cr5=COMPLETE,aadA2=COMPLETE,blaCTX-M-15=COMPLETE,blaOXA-1=COMPLETE,blaSHV-168=COMPLETE,catB3=PARTIAL_END_OF_CONTIG,dfrA12=COMPLETE,fosA=COMPLETE,mph(A)=COMPLETE,mrx(A)=COMPLETE,oqxA=COMPLETE,oqxB=COMPLETE,sul1=COMPLETE","USA: Texas"
"79","PDT001128533.2","GCA_019930245.1","Susceptible","blaLAP-2=COMPLETE,blaSHV-1=COMPLETE,dfrA1=COMPLETE,fosA=COMPLETE,ompK35_E132K=POINT,oqxA=COMPLETE,oqxB=COMPLETE,qnrS1=COMPLETE,sul1=COMPLETE,tet(A)=COMPLETE","USA: Virginia"
"80","PDT001128534.2","GCA_019930265.1","Resistant","aac(3)-IIe=COMPLETE,aac(6')-Ib-cr5=COMPLETE,aph(3'')-Ib=COMPLETE,aph(6)-Id=COMPLETE,blaCTX-M-15=COMPLETE,blaOXA-1=COMPLETE,blaOXA-48=COMPLETE,blaSHV-11=COMPLETE,blaTEM-1=COMPLETE,catB3=PARTIAL_END_OF_CONTIG,dfrA14=COMPLETE,fosA=COMPLETE,oqxA=COMPLETE,oqxB25=COMPLETE,qnrB1=COMPLETE,sul2=COMPLETE,tet(A)=COMPLETE","Turkey: Ankara"
"81","PDT001128535.2","GCA_019930285.1","Resistant","aac(3)-IId=COMPLETE,aph(3'')-Ib=COMPLETE,aph(6)-Id=COMPLETE,blaCTX-M-14=COMPLETE,blaLAP-2=COMPLETE,blaOXA-48=COMPLETE,blaSHV-11=COMPLETE,blaTEM-1=COMPLETE,catA2=COMPLETE,dfrA1=COMPLETE,fosA=COMPLETE,oqxA=COMPLETE,oqxB=COMPLETE,qnrS1=COMPLETE,sul1=COMPLETE,sul2=COMPLETE,tet(A)=COMPLETE,tet(D)=COMPLETE","Turkey: Ankara"
"82","PDT001128536.2","GCA_019930305.1","Susceptible","blaSHV-11=COMPLETE,dfrA14=COMPLETE,fosA=COMPLETE,mph(A)=COMPLETE,mrx(A)=COMPLETE,oqxA=COMPLETE,oqxB32=COMPLETE,tet(A)=COMPLETE","Turkey: Ankara"
"83","PDT001128537.2","GCA_019930325.1","Susceptible","aac(3)-IIe=PARTIAL_END_OF_CONTIG,aac(6')-Ib-cr5=COMPLETE,aph(3'')-Ib=COMPLETE,aph(3')-Ia=COMPLETE,aph(6)-Id=COMPLETE,blaCTX-M-15=COMPLETE,blaOXA-1=COMPLETE,blaSHV-11=COMPLETE,blaTEM-1=COMPLETE,catA1=COMPLETE,catB3=PARTIAL_END_OF_CONTIG,dfrA1=COMPLETE,fosA7=MISTRANSLATION,fosA=COMPLETE,oqxA10=COMPLETE,oqxB19=COMPLETE,sat2=COMPLETE,sul2=COMPLETE,tet(A)=COMPLETE","USA: District of Columbia"
"84","PDT001128538.2","GCA_019930345.1","Susceptible","aac(3)-IIe=COMPLETE,aac(6')-Ib-cr5=COMPLETE,aph(3'')-Ib=COMPLETE,aph(6)-Id=COMPLETE,blaCTX-M-15=COMPLETE,blaOXA-1=COMPLETE,blaSHV-71=COMPLETE,blaTEM-1=COMPLETE,catB3=PARTIAL_END_OF_CONTIG,dfrA14=COMPLETE,fosA=COMPLETE,oqxA10=COMPLETE,oqxB5=COMPLETE,qnrB1=COMPLETE,ramR_A19V=POINT,sul2=COMPLETE,tet(A)=COMPLETE","USA: District of Columbia"
"85","PDT001128539.2","GCA_019930355.1","Susceptible","aac(6')-Ib-cr5=COMPLETE,aph(3'')-Ib=COMPLETE,aph(6)-Id=COMPLETE,blaCTX-M-15=COMPLETE,blaOXA-1=COMPLETE,blaSHV-11=COMPLETE,blaTEM-1=COMPLETE,catB3=PARTIAL_END_OF_CONTIG,dfrA14=COMPLETE,fosA=COMPLETE,ompK35_E132K=POINT,oqxA=COMPLETE,oqxB20=COMPLETE,qnrB1=COMPLETE,sul2=COMPLETE,tet(A)=COMPLETE","Germany: Landstuhl"
"86","PDT001128540.2","GCA_019930385.1","Susceptible","aac(3)-IIe=COMPLETE,aac(6')-Ib-cr5=COMPLETE,aadA2=COMPLETE,aph(3'')-Ib=COMPLETE,aph(3')-Ia=PARTIAL_END_OF_CONTIG,aph(6)-Id=COMPLETE,arr-3=COMPLETE,blaCMY-4=COMPLETE,blaCTX-M-15=COMPLETE,blaOXA-1=COMPLETE,blaSHV-1=COMPLETE,blaSHV_C-112A=POINT,blaTEM-1=COMPLETE,catA1=COMPLETE,catB3=PARTIAL_END_OF_CONTIG,dfrA12=COMPLETE,fosA=COMPLETE,gyrA_S83Y=POINT,mph(A)=COMPLETE,mrx(A)=COMPLETE,oqxA=COMPLETE,oqxB5=COMPLETE,qnrB2=COMPLETE,rmtH=COMPLETE,sul1=COMPLETE,sul2=COMPLETE,tet(A)=COMPLETE","USA: District of Columbia"
"87","PDT001128541.2","GCA_019930405.1","Susceptible","aadA2=COMPLETE,ant(2'')-Ia=COMPLETE,aph(3')-II=HMM,blaCARB-2=COMPLETE,blaFOX-5=COMPLETE,blaSHV-27=COMPLETE,ble=HMM,catB11=COMPLETE,catB3=COMPLETE,cmlA1=COMPLETE,dfrA19=COMPLETE,dfrA50=COMPLETE,fosA=COMPLETE,gyrA_S83F=POINT,mph(E)=COMPLETE,msr(E)=COMPLETE,oqxA10=COMPLETE,oqxB=COMPLETE,oqxR_Q11L=POINT,qnrA1=COMPLETE,sul1=COMPLETE","USA: District of Columbia"
"88","PDT001128542.2","GCA_019930425.1","Susceptible","aac(3)-IIe=COMPLETE,aac(6')-Ib-cr5=COMPLETE,aph(3'')-Ib=COMPLETE,aph(6)-Id=COMPLETE,blaCTX-M-15=COMPLETE,blaOXA-1=COMPLETE,blaSHV-11=COMPLETE,blaTEM-1=COMPLETE,catA2=COMPLETE,catB3=PARTIAL_END_OF_CONTIG,dfrA14=COMPLETE,fosA=COMPLETE,oqxA=COMPLETE,oqxB14=COMPLETE,qnrB1=COMPLETE,sul2=COMPLETE,tet(A)=COMPLETE,tet(D)=COMPLETE","USA: Washington"
"89","PDT001128543.2","GCA_019930445.1","Susceptible","blaCTX-M-3=COMPLETE,blaSHV-11=COMPLETE,blaTEM-1=COMPLETE,dfrA14=COMPLETE,fosA=COMPLETE,oqxA=COMPLETE,oqxB=COMPLETE,qnrS1=COMPLETE,ramR_A19V=POINT","USA: Hawaii"
"90","PDT001128544.2","GCA_019930465.1","Susceptible","aac(3)-IId=COMPLETE,blaCTX-M-14=COMPLETE,blaLAP-2=COMPLETE,blaSHV-142=COMPLETE,dfrA1=COMPLETE,fosA=COMPLETE,oqxA=COMPLETE,oqxB=COMPLETE,qnrS1=COMPLETE,sul1=COMPLETE,tet(A)=COMPLETE,tet(D)=COMPLETE","USA: Texas"
"91","PDT001128545.2","GCA_019930485.1","Susceptible","fosA=COMPLETE","USA: District of Columbia"
"92","PDT001128546.2","GCA_019930505.1","Susceptible","aph(3')-Ia=COMPLETE,blaSHV-11=COMPLETE,dfrA14=COMPLETE,fosA=COMPLETE,mph(A)=COMPLETE,mrx(A)=COMPLETE,oqxA=COMPLETE,oqxB25=COMPLETE","USA: District of Columbia"
"93","PDT001149148.1","GCA_020406995.1","Resistant","aac(6')-Ib-cr5=COMPLETE,aadA1=COMPLETE,aph(3')-VI=COMPLETE,armA=COMPLETE,arr-3=COMPLETE,blaCTX-M-15=COMPLETE,blaNDM-1=COMPLETE,blaOXA-9=COMPLETE,blaSHV-11=COMPLETE,blaTEM=COMPLETE,ble=COMPLETE,dfrA50=COMPLETE,dfrA5=COMPLETE,fosA=COMPLETE,gyrA_S83I=POINT,mph(A)=COMPLETE,mph(E)=COMPLETE,mrx(A)=COMPLETE,msr(E)=COMPLETE,ompK35_R60LfsTer31=POINT,oqxA=COMPLETE,oqxB=COMPLETE,parC_S80I=POINT,qnrS1=COMPLETE,sul1=COMPLETE,sul2=COMPLETE","Italy: Sienna"
"94","PDT001149149.1","GCA_020407015.1","Resistant","aac(6')-Ib-cr5=COMPLETE,aadA2=COMPLETE,aph(3')-VI=COMPLETE,armA=COMPLETE,blaCTX-M-15=COMPLETE,blaNDM-1=COMPLETE,blaOXA-1=COMPLETE,blaSHV-28=COMPLETE,ble=COMPLETE,catA1=COMPLETE,catB3=PARTIAL_END_OF_CONTIG,dfrA12=COMPLETE,dfrA1=COMPLETE,fosA=COMPLETE,gyrA_D87G=POINT,gyrA_S83Y=POINT,mph(E)=COMPLETE,msr(E)=COMPLETE,ompK36_D135DGD=POINT,oqxA=COMPLETE,oqxB=COMPLETE,parC_S80I=POINT,qnrB1=COMPLETE,sat2=COMPLETE,sul1=COMPLETE","Kenya: Nairobi"
"95","PDT001149150.1","GCA_020407035.1","Resistant","aac(3)-IIg=COMPLETE,aac(6')-IIc=COMPLETE,aac(6')-Ib3=COMPLETE,aph(3'')-Ib=COMPLETE,aph(6)-Id=COMPLETE,arr=COMPLETE,blaSHV=COMPLETE,blaTEM-1=COMPLETE,catA2=COMPLETE,dfrA19=COMPLETE,ere(A)=PARTIAL_END_OF_CONTIG,fosA10=COMPLETE,qnrA1=COMPLETE,sul1=COMPLETE,tet(D)=COMPLETE","USA: Washington"
"96","PDT001149151.1","GCA_020407045.1","Susceptible","aac(6')-Ib-cr5=COMPLETE,blaCTX-M-15=COMPLETE,blaOXA-1=COMPLETE,blaOXA-48=COMPLETE,blaSHV-1=COMPLETE,catB3=PARTIAL_END_OF_CONTIG,dfrA14=COMPLETE,fosA=COMPLETE,gyrA_D87N=POINT,gyrA_S83Y=POINT,ompK35_G62AfsTer1=POINT,ompK36_D135DGD=POINT,oqxA=COMPLETE,oqxB20=COMPLETE,parC_S80I=POINT,tet(D)=COMPLETE","Turkey: Ankara"
"97","PDT001149152.1","GCA_020407065.1","Susceptible","aac(6')-Ib-cr5=COMPLETE,aph(3'')-Ib=COMPLETE,aph(6)-Id=COMPLETE,arr=COMPLETE,blaGES-5=COMPLETE,blaOXA-1=COMPLETE,blaSHV-1=COMPLETE,blaTEM-1=COMPLETE,catA1=COMPLETE,catB3=PARTIAL_END_OF_CONTIG,dfrA14=COMPLETE,dfrA5=COMPLETE,ere(A)=COMPLETE,fosA=COMPLETE,gyrA_S83I=POINT,oqxA=COMPLETE,oqxB=PARTIAL,parC_S80I=POINT,qnrB1=COMPLETE,sul1=COMPLETE,sul2=COMPLETE,tet(A)=COMPLETE","USA: District of Columbia"
